1548370999, 736, 0.0, 1427.9462, 321.0205, 36.60736, 36.60736
1548371002, 11, 2.0, 893.94836, 460.00854, 36.657715, 36.657715
1548371002, 20, 0.0, 893.94836, 460.00854, 36.657715, 36.657715
1548371002, 533, 2.0, 919.964, 466.99585, 36.70807, 36.70807
1548371002, 545, 0.0, 919.964, 466.99585, 36.70807, 36.70807
1548371003, 59, 2.0, 947.94434, 472.9944, 36.758423, 36.758423
1548371003, 70, 0.0, 947.94434, 472.9944, 36.758423, 36.758423
1548371003, 584, 2.0, 975.9247, 478.00415, 36.808777, 36.808777
1548371003, 594, 0.0, 975.9247, 478.00415, 36.808777, 36.808777
1548371010, 184, 2.0, 1510.9387, 539.0112, 36.85913, 36.85913
1548371010, 195, 0.0, 1510.9387, 539.0112, 36.85913, 36.85913
1548371010, 707, 2.0, 1450.9131, 533.0127, 36.909485, 36.909485
1548371010, 717, 0.0, 1450.9131, 533.0127, 36.909485, 36.909485
1548371011, 229, 2.0, 1389.939, 528.0029, 36.95984, 36.95984
1548371011, 239, 0.0, 1389.939, 528.0029, 36.95984, 36.95984
1548371015, 164, 2.0, 1646.911, 495.011, 37.010193, 37.010193
1548371015, 174, 0.0, 1646.911, 495.011, 37.010193, 37.010193
1548371015, 687, 2.0, 1566.8994, 496.98853, 37.060547, 37.060547
1548371015, 697, 0.0, 1566.8994, 496.98853, 37.060547, 37.060547
1548371016, 209, 2.0, 1486.8878, 496.98853, 37.1109, 37.1109
1548371016, 221, 0.0, 1486.8878, 496.98853, 37.1109, 37.1109
1548371016, 735, 2.0, 1404.9115, 498.99902, 37.161255, 37.161255
1548371016, 745, 0.0, 1404.9115, 498.99902, 37.161255, 37.161255
1548371020, 933, 2.0, 1620.8954, 730.00854, 37.21161, 37.21161
1548371020, 944, 0.0, 1620.8954, 730.00854, 37.21161, 37.21161
1548371021, 458, 2.0, 1496.9147, 677.99927, 37.261963, 37.261963
1548371021, 469, 0.0, 1496.9147, 677.99927, 37.261963, 37.261963
1548371021, 984, 2.0, 1371.9177, 624.01245, 37.312317, 37.312317
1548371021, 994, 0.0, 1371.9177, 624.01245, 37.312317, 37.312317
1548371022, 509, 2.0, 1248.9532, 572.0032, 37.36267, 37.36267
1548371022, 518, 0.0, 1248.9532, 572.0032, 37.36267, 37.36267
1548371026, 177, 2.0, 1745.8923, 793.98193, 37.413025, 37.413025
1548371026, 188, 0.0, 1745.8923, 793.98193, 37.413025, 37.413025
1548371026, 700, 2.0, 1651.9244, 752.98096, 37.46338, 37.46338
1548371026, 711, 0.0, 1651.9244, 752.98096, 37.46338, 37.46338
1548371027, 225, 2.0, 1557.8888, 710.9912, 37.513733, 37.513733
1548371027, 233, 0.0, 1557.8888, 710.9912, 37.513733, 37.513733
1548371027, 746, 2.0, 1462.9047, 669.00146, 37.564087, 37.564087
1548371027, 757, 0.0, 1462.9047, 669.00146, 37.564087, 37.564087
1548371031, 564, 2.0, 1229.9158, 633.01025, 37.61444, 37.61444
1548371031, 575, 0.0, 1229.9158, 633.01025, 37.61444, 37.61444
1548371035, 169, 2.0, 1107.8998, 69.01611, 37.664795, 37.664795
1548371035, 179, 0.0, 1107.8998, 69.01611, 37.664795, 37.664795
1548371035, 693, 2.0, 1102.9541, 170.00244, 37.71515, 37.71515
1548371035, 703, 0.0, 1102.9541, 170.00244, 37.71515, 37.71515
1548371036, 219, 2.0, 1096.9244, 269.01123, 37.765503, 37.765503
1548371036, 227, 0.0, 1096.9244, 269.01123, 37.765503, 37.765503
1548371036, 740, 2.0, 1091.911, 368.02002, 37.815857, 37.815857
1548371036, 752, 0.0, 1091.911, 368.02002, 37.815857, 37.815857
1548371043, 337, 2.0, 797.948, 772.98706, 37.86621, 37.86621
1548371043, 347, 0.0, 797.948, 772.98706, 37.86621, 37.86621
1548371043, 860, 2.0, 839.9524, 734.98535, 37.916565, 37.916565
1548371043, 870, 0.0, 839.9524, 734.98535, 37.916565, 37.916565
1548371047, 114, 2.0, 1070.9088, 633.01025, 37.96692, 37.96692
1548371047, 125, 0.0, 1070.9088, 633.01025, 37.96692, 37.96692
1548371050, 640, 2.0, 500.93628, 849.97925, 38.017273, 38.017273
1548371050, 651, 0.0, 500.93628, 849.97925, 38.017273, 38.017273
1548371051, 165, 2.0, 583.92883, 801.0022, 38.067627, 38.067627
1548371051, 176, 0.0, 583.92883, 801.0022, 38.067627, 38.067627
1548371054, 513, 2.0, 846.93054, 981.98, 38.11798, 38.11798
1548371054, 524, 0.0, 846.93054, 981.98, 38.11798, 38.11798
1548371055, 38, 2.0, 901.94275, 872.9846, 38.168335, 38.168335
1548371055, 49, 0.0, 901.94275, 872.9846, 38.168335, 38.168335
1548371055, 560, 2.0, 955.9387, 760.99, 38.21869, 38.21869
1548371055, 572, 0.0, 955.9387, 760.99, 38.21869, 38.21869
1548371058, 783, 2.0, 501.9525, 663.9917, 38.269043, 38.269043
1548371058, 793, 0.0, 501.9525, 663.9917, 38.269043, 38.269043
1548371059, 306, 2.0, 585.9613, 640.9863, 38.319397, 38.319397
1548371059, 317, 0.0, 585.9613, 640.9863, 38.319397, 38.319397
1548371059, 830, 2.0, 668.95386, 619.0027, 38.36975, 38.36975
1548371059, 839, 0.0, 668.95386, 619.0027, 38.36975, 38.36975
1548371060, 351, 2.0, 750.9302, 593.9868, 38.420105, 38.420105
1548371060, 361, 0.0, 750.9302, 593.9868, 38.420105, 38.420105
1548371063, 937, 2.0, 1056.9525, 663.9917, 38.47046, 38.47046
1548371063, 949, 0.0, 1056.9525, 663.9917, 38.47046, 38.47046
1548371067, 488, 2.0, 1371.9177, 760.99, 38.520813, 38.520813
1548371067, 497, 0.0, 1371.9177, 760.99, 38.520813, 38.520813
1548371068, 9, 2.0, 1329.9133, 724.9988, 38.571167, 38.571167
1548371068, 20, 0.0, 1329.9133, 724.9988, 38.571167, 38.571167
1548371068, 537, 2.0, 1289.9414, 687.98584, 38.62152, 38.62152
1548371068, 548, 0.0, 1289.9414, 687.98584, 38.62152, 38.62152
1548371069, 59, 2.0, 1248.9532, 649.98413, 38.671875, 38.671875
1548371069, 71, 0.0, 1248.9532, 649.98413, 38.671875, 38.671875
1548371077, 334, 2.0, 1194.9573, 27.026367, 38.72223, 38.72223
1548371077, 346, 0.0, 1194.9573, 27.026367, 38.72223, 38.72223
1548371077, 859, 2.0, 1232.8967, 73.00415, 38.772583, 38.772583
1548371077, 870, 1.0, 1232.8967, 71.02661, 38.772583, 38.772583
1548371077, 870, 0.0, 1232.8967, 71.02661, 38.772583, 38.772583
1548371087, 582, 2.0, 743.952, 10.019531, 38.822937, 38.822937
1548371087, 587, 1.0, 741.91956, 5.0097656, 38.822937, 38.822937
1548371087, 592, 1.0, 727.96326, 0.0, 38.822937, 38.822937
1548371087, 593, 0.0, 727.96326, 0.0, 38.822937, 38.822937
1548371088, 106, 2.0, 585.9613, 26.004639, 38.87329, 38.87329
1548371088, 115, 1.0, 588.94226, 26.004639, 38.87329, 38.87329
1548371088, 115, 0.0, 588.94226, 26.004639, 38.87329, 38.87329
1548371092, 68, 2.0, 1140.9613, 189.01978, 38.923645, 38.923645
1548371092, 76, 0.0, 1140.9613, 189.01978, 38.923645, 38.923645
1548371096, 402, 2.0, 1244.956, 754.0027, 38.974, 38.974
1548371096, 412, 0.0, 1244.956, 754.0027, 38.974, 38.974
1548371096, 925, 2.0, 1215.9595, 701.9934, 39.024353, 39.024353
1548371096, 935, 0.0, 1215.9595, 701.9934, 39.024353, 39.024353
1548371097, 448, 2.0, 1183.9142, 648.0066, 39.074707, 39.074707
1548371097, 458, 0.0, 1183.9142, 648.0066, 39.074707, 39.074707
1548371100, 967, 2.0, 1293.9386, 627.0117, 39.12506, 39.12506
1548371100, 977, 0.0, 1293.9386, 627.0117, 39.12506, 39.12506
1548371104, 591, 2.0, 767.9352, 610.0049, 39.175415, 39.175415
1548371104, 601, 0.0, 767.9352, 610.0049, 39.175415, 39.175415
1548371105, 114, 2.0, 816.9177, 598.0078, 39.22577, 39.22577
1548371105, 125, 0.0, 816.9177, 598.0078, 39.22577, 39.22577
1548371105, 637, 2.0, 867.93274, 586.01074, 39.276123, 39.276123
1548371105, 647, 0.0, 867.93274, 586.01074, 39.276123, 39.276123
1548371106, 160, 2.0, 915.9668, 572.99194, 39.326477, 39.326477
1548371106, 171, 0.0, 915.9668, 572.99194, 39.326477, 39.326477
1548371109, 734, 2.0, 1256.9476, 578.9905, 39.37683, 39.37683
1548371109, 746, 0.0, 1256.9476, 578.9905, 39.37683, 39.37683
1548371110, 259, 2.0, 1236.9617, 569.9927, 39.427185, 39.427185
1548371110, 267, 0.0, 1236.9617, 569.9927, 39.427185, 39.427185
1548371110, 783, 2.0, 1215.9595, 563.0054, 39.47754, 39.47754
1548371110, 792, 0.0, 1215.9595, 563.0054, 39.47754, 39.47754
1548371114, 460, 2.0, 907.90466, 789.0051, 39.527893, 39.527893
1548371114, 471, 0.0, 907.90466, 789.0051, 39.527893, 39.527893
1548371117, 650, 2.0, 981.95435, 708.9807, 39.578247, 39.578247
1548371117, 659, 0.0, 981.95435, 708.9807, 39.578247, 39.578247
1548371121, 193, 2.0, 1531.9409, 763.0005, 39.6286, 39.6286
1548371121, 203, 0.0, 1531.9409, 763.0005, 39.6286, 39.6286
1548371124, 778, 2.0, 1364.9396, 686.0083, 39.678955, 39.678955
1548371124, 788, 0.0, 1364.9396, 686.0083, 39.678955, 39.678955
1548371125, 303, 2.0, 1307.8949, 649.98413, 39.72931, 39.72931
1548371125, 315, 0.0, 1307.8949, 649.98413, 39.72931, 39.72931
1548371125, 826, 2.0, 1248.9532, 611.9824, 39.779663, 39.779663
1548371125, 838, 0.0, 1248.9532, 611.9824, 39.779663, 39.779663
1548371129, 392, 2.0, 1298.952, 402.9895, 39.830017, 39.830017
1548371129, 404, 0.0, 1298.952, 402.9895, 39.830017, 39.830017
1548371133, 237, 2.0, 1571.9128, 427.0166, 39.88037, 39.88037
1548371133, 247, 0.0, 1571.9128, 427.0166, 39.88037, 39.88037
1548371133, 761, 2.0, 1505.9253, 440.9912, 39.930725, 39.930725
1548371133, 772, 0.0, 1505.9253, 440.9912, 39.930725, 39.930725
1548371137, 921, 2.0, 1195.9058, 537.00073, 39.98108, 39.98108
1548371137, 933, 0.0, 1195.9058, 537.00073, 39.98108, 39.98108
1548371141, 613, 2.0, 1335.943, 786.9946, 40.031433, 40.031433
1548371141, 624, 0.0, 1335.943, 786.9946, 40.031433, 40.031433
1548371142, 137, 2.0, 1284.928, 727.99805, 40.081787, 40.081787
1548371142, 147, 0.0, 1284.928, 727.99805, 40.081787, 40.081787
1548371142, 662, 2.0, 1232.8967, 666.99097, 40.13214, 40.13214
1548371142, 672, 0.0, 1232.8967, 666.99097, 40.13214, 40.13214
1548371146, 173, 2.0, 1613.9172, 313.01147, 40.182495, 40.182495
1548371146, 184, 0.0, 1613.9172, 313.01147, 40.182495, 40.182495
1548371150, 193, 2.0, 1161.9635, 177.0227, 40.23285, 40.23285
1548371150, 203, 0.0, 1161.9635, 177.0227, 40.23285, 40.23285
1548371150, 715, 2.0, 1154.9176, 225.99976, 40.283203, 40.283203
1548371150, 724, 0.0, 1154.9176, 225.99976, 40.283203, 40.283203
1548371151, 239, 2.0, 1147.9395, 275.99854, 40.333557, 40.333557
1548371151, 249, 0.0, 1147.9395, 275.99854, 40.333557, 40.333557
1548371155, 583, 2.0, 929.9231, 624.01245, 40.38391, 40.38391
1548371155, 594, 0.0, 929.9231, 624.01245, 40.38391, 40.38391
1548371159, 70, 2.0, 1324.8999, 554.00757, 40.434265, 40.434265
1548371159, 79, 0.0, 1324.8999, 554.00757, 40.434265, 40.434265
1548371162, 808, 2.0, 628.9142, 695.0061, 40.48462, 40.48462
1548371162, 820, 0.0, 628.9142, 695.0061, 40.48462, 40.48462
1548371166, 363, 2.0, 973.95996, 598.0078, 40.534973, 40.534973
1548371166, 377, 0.0, 973.95996, 598.0078, 40.534973, 40.534973
1548371169, 967, 2.0, 727.96326, 346.9922, 40.585327, 40.585327
1548371169, 978, 0.0, 727.96326, 346.9922, 40.585327, 40.585327
1548371170, 492, 2.0, 816.9177, 389.0149, 40.63568, 40.63568
1548371170, 502, 0.0, 816.9177, 389.0149, 40.63568, 40.63568
1548371171, 18, 2.0, 905.93994, 428.99414, 40.686035, 40.686035
1548371171, 27, 0.0, 905.93994, 428.99414, 40.686035, 40.686035
1548371174, 867, 2.0, 75.946655, 190.99731, 40.73639, 40.73639
1548371174, 878, 0.0, 75.946655, 190.99731, 40.73639, 40.73639
1548371175, 395, 2.0, 315.98145, 269.01123, 40.786743, 40.786743
1548371175, 407, 0.0, 315.98145, 269.01123, 40.786743, 40.786743
1548371175, 919, 2.0, 554.93225, 346.00342, 40.837097, 40.837097
1548371175, 929, 0.0, 554.93225, 346.00342, 40.837097, 40.837097
1548371176, 440, 2.0, 792.9346, 422.00684, 40.88745, 40.88745
1548371176, 451, 0.0, 792.9346, 422.00684, 40.88745, 40.88745
1548371180, 599, 2.0, 995.91064, 919.98413, 40.937805, 40.937805
1548371180, 613, 0.0, 995.91064, 919.98413, 40.937805, 40.937805
1548371181, 124, 2.0, 1023.95874, 828.9844, 40.98816, 40.98816
1548371181, 135, 0.0, 1023.95874, 828.9844, 40.98816, 40.98816
1548371181, 647, 2.0, 1049.9066, 736.99585, 41.038513, 41.038513
1548371181, 659, 0.0, 1049.9066, 736.99585, 41.038513, 41.038513
1548371184, 935, 2.0, 905.93994, 613.00415, 41.088867, 41.088867
1548371184, 947, 0.0, 905.93994, 613.00415, 41.088867, 41.088867
1548371188, 566, 2.0, 1322.9352, 380.0171, 41.13922, 41.13922
1548371188, 577, 0.0, 1322.9352, 380.0171, 41.13922, 41.13922
1548371192, 695, 2.0, 1183.9142, 496.98853, 41.189575, 41.189575
1548371192, 706, 0.0, 1183.9142, 496.98853, 41.189575, 41.189575
1548371199, 131, 2.0, 1615.9497, 433.01514, 41.23993, 41.23993
1548371199, 142, 0.0, 1615.9497, 433.01514, 41.23993, 41.23993
1548371203, 402, 2.0, 1667.9132, 786.9946, 41.290283, 41.290283
1548371203, 414, 0.0, 1667.9132, 786.9946, 41.290283, 41.290283
1548371209, 435, 2.0, 954.9225, 381.99463, 41.340637, 41.340637
1548371209, 447, 0.0, 954.9225, 381.99463, 41.340637, 41.340637
1548371209, 959, 2.0, 976.9409, 402.9895, 41.39099, 41.39099
1548371209, 969, 0.0, 976.9409, 402.9895, 41.39099, 41.39099
1548371210, 480, 2.0, 999.90784, 424.01733, 41.441345, 41.441345
1548371210, 491, 0.0, 999.90784, 424.01733, 41.441345, 41.441345
1548371211, 4, 2.0, 1022.9425, 443.0017, 41.4917, 41.4917
1548371211, 14, 0.0, 1022.9425, 443.0017, 41.4917, 41.4917
1548371215, 88, 2.0, 1307.8949, 380.0171, 41.542053, 41.542053
1548371215, 98, 0.0, 1307.8949, 380.0171, 41.542053, 41.542053
1548371215, 611, 2.0, 1279.9146, 401.01196, 41.592407, 41.592407
1548371215, 623, 0.0, 1279.9146, 401.01196, 41.592407, 41.592407
1548371219, 736, 2.0, 1053.9038, 40.012207, 41.64276, 41.64276
1548371219, 747, 0.0, 1053.9038, 40.012207, 41.64276, 41.64276
1548371227, 61, 2.0, 2165.8687, 859.9988, 41.693115, 41.693115
1548371227, 70, 0.0, 2165.8687, 859.9988, 41.693115, 41.693115
1548371227, 585, 2.0, 1923.9368, 783.99536, 41.74347, 41.74347
1548371227, 596, 0.0, 1923.9368, 783.99536, 41.74347, 41.74347
1548371228, 109, 2.0, 1679.9048, 705.98145, 41.793823, 41.793823
1548371228, 120, 0.0, 1679.9048, 705.98145, 41.793823, 41.793823
1548371228, 633, 2.0, 1436.889, 628.98926, 41.844177, 41.844177
1548371228, 644, 0.0, 1436.889, 628.98926, 41.844177, 41.844177
1548371232, 457, 2.0, 1514.9359, 431.00464, 41.89453, 41.89453
1548371232, 468, 0.0, 1514.9359, 431.00464, 41.89453, 41.89453
1548371232, 980, 2.0, 1422.9327, 452.98828, 41.944885, 41.944885
1548371232, 991, 0.0, 1422.9327, 452.98828, 41.944885, 41.944885
1548371233, 502, 2.0, 1328.8971, 474.0161, 41.99524, 41.99524
1548371233, 512, 0.0, 1328.8971, 474.0161, 41.99524, 41.99524
1548371234, 25, 2.0, 1236.9617, 496.98853, 42.045593, 42.045593
1548371234, 36, 0.0, 1236.9617, 496.98853, 42.045593, 42.045593
1548371237, 915, 2.0, 821.93115, 745.99365, 42.095947, 42.095947
1548371237, 924, 0.0, 821.93115, 745.99365, 42.095947, 42.095947
1548371238, 437, 2.0, 863.93555, 713.9905, 42.1463, 42.1463
1548371238, 446, 0.0, 863.93555, 713.9905, 42.1463, 42.1463
1548371238, 961, 2.0, 905.93994, 683.00903, 42.196655, 42.196655
1548371238, 969, 0.0, 905.93994, 683.00903, 42.196655, 42.196655
1548371239, 482, 2.0, 945.91187, 651.9946, 42.24701, 42.24701
1548371239, 492, 0.0, 945.91187, 651.9946, 42.24701, 42.24701
1548371242, 798, 2.0, 1309.9274, 772.98706, 42.297363, 42.297363
1548371242, 809, 0.0, 1309.9274, 772.98706, 42.297363, 42.297363
1548371243, 320, 2.0, 1281.947, 739.00635, 42.347717, 42.347717
1548371243, 333, 0.0, 1281.947, 739.00635, 42.347717, 42.347717
1548371243, 843, 2.0, 1253.8989, 704.0039, 42.39807, 42.39807
1548371243, 854, 0.0, 1253.8989, 704.0039, 42.39807, 42.39807
1548371244, 364, 2.0, 1223.9539, 666.99097, 42.448425, 42.448425
1548371244, 380, 0.0, 1223.9539, 666.99097, 42.448425, 42.448425
1548371247, 742, 2.0, 1161.9635, 734.98535, 42.49878, 42.49878
1548371247, 752, 0.0, 1161.9635, 734.98535, 42.49878, 42.49878
1548371248, 264, 2.0, 1154.9176, 705.98145, 42.549133, 42.549133
1548371248, 275, 0.0, 1154.9176, 705.98145, 42.549133, 42.549133
1548371248, 789, 2.0, 1147.9395, 675.9888, 42.599487, 42.599487
1548371248, 801, 0.0, 1147.9395, 675.9888, 42.599487, 42.599487
1548371249, 313, 2.0, 1140.9613, 645.0073, 42.64984, 42.64984
1548371249, 322, 0.0, 1140.9613, 645.0073, 42.64984, 42.64984
1548371252, 650, 2.0, 811.97205, 590.98755, 42.700195, 42.700195
1548371252, 661, 0.0, 811.97205, 590.98755, 42.700195, 42.700195
1548371253, 175, 2.0, 854.9249, 580.0122, 42.75055, 42.75055
1548371253, 186, 0.0, 854.9249, 580.0122, 42.75055, 42.75055
1548371253, 699, 2.0, 898.9618, 572.0032, 42.800903, 42.800903
1548371253, 710, 0.0, 898.9618, 572.0032, 42.800903, 42.800903
1548371254, 223, 2.0, 940.9662, 563.0054, 42.851257, 42.851257
1548371254, 233, 0.0, 940.9662, 563.0054, 42.851257, 42.851257
1548371257, 857, 2.0, 1055.9363, 225.99976, 42.90161, 42.90161
1548371257, 868, 0.0, 1055.9363, 225.99976, 42.90161, 42.90161
1548371258, 388, 2.0, 1063.9307, 267.00073, 42.951965, 42.951965
1548371258, 397, 0.0, 1063.9307, 267.00073, 42.951965, 42.951965
1548371262, 608, 2.0, 435.96497, 393.9917, 43.00232, 43.00232
1548371262, 620, 0.0, 435.96497, 393.9917, 43.00232, 43.00232
1548371263, 132, 2.0, 592.93945, 425.99487, 43.052673, 43.052673
1548371263, 143, 0.0, 592.93945, 425.99487, 43.052673, 43.052673
1548371266, 992, 2.0, 23.983154, 724.9988, 43.103027, 43.103027
1548371267, 4, 0.0, 23.983154, 724.9988, 43.103027, 43.103027
1548371270, 704, 2.0, 1004.92126, 560.0061, 43.15338, 43.15338
1548371270, 717, 0.0, 1004.92126, 560.0061, 43.15338, 43.15338
1548371277, 353, 2.0, 1180.9332, 375.00732, 43.203735, 43.203735
1548371277, 365, 0.0, 1180.9332, 375.00732, 43.203735, 43.203735
1548371277, 878, 2.0, 1169.9579, 398.0127, 43.25409, 43.25409
1548371277, 889, 0.0, 1169.9579, 398.0127, 43.25409, 43.25409
1548371278, 404, 2.0, 1161.9635, 419.00757, 43.304443, 43.304443
1548371278, 414, 0.0, 1161.9635, 419.00757, 43.304443, 43.304443
1548371278, 926, 2.0, 1150.9204, 440.00244, 43.354797, 43.354797
1548371278, 936, 0.0, 1150.9204, 440.00244, 43.354797, 43.354797
1548371282, 904, 2.0, 1016.91284, 355.99, 43.40515, 43.40515
1548371282, 915, 0.0, 1016.91284, 355.99, 43.40515, 43.40515
1548371286, 918, 2.0, 912.9181, 637.98706, 43.455505, 43.455505
1548371286, 928, 0.0, 912.9181, 637.98706, 43.455505, 43.455505
1548371287, 440, 2.0, 940.9662, 622.00195, 43.50586, 43.50586
1548371287, 452, 0.0, 940.9662, 622.00195, 43.50586, 43.50586
1548371287, 964, 2.0, 969.96277, 605.9839, 43.556213, 43.556213
1548371287, 974, 0.0, 969.96277, 605.9839, 43.556213, 43.556213
1548371291, 445, 2.0, 1197.9382, 259.02466, 43.606567, 43.606567
1548371291, 455, 0.0, 1197.9382, 259.02466, 43.606567, 43.606567
1548371295, 669, 2.0, 1590.9503, 533.0127, 43.65692, 43.65692
1548371295, 681, 0.0, 1590.9503, 533.0127, 43.65692, 43.65692
1548371296, 195, 2.0, 1523.9465, 531.99097, 43.707275, 43.707275
1548371296, 205, 0.0, 1523.9465, 531.99097, 43.707275, 43.707275
1548371300, 211, 2.0, 1256.9476, 554.00757, 43.75763, 43.75763
1548371300, 223, 0.0, 1256.9476, 554.00757, 43.75763, 43.75763
1548371303, 903, 2.0, 1157.8986, 378.99536, 43.807983, 43.807983
1548371303, 913, 0.0, 1157.8986, 378.99536, 43.807983, 43.807983
1548371304, 427, 2.0, 1150.9204, 399.99023, 43.858337, 43.858337
1548371304, 440, 0.0, 1150.9204, 399.99023, 43.858337, 43.858337
1548371304, 950, 2.0, 1145.907, 419.99634, 43.90869, 43.90869
1548371304, 961, 0.0, 1145.907, 419.99634, 43.90869, 43.90869
1548371311, 696, 2.0, 1681.9373, 812.99927, 43.959045, 43.959045
1548371311, 707, 0.0, 1681.9373, 812.99927, 43.959045, 43.959045
1548371312, 220, 2.0, 1599.8932, 772.98706, 44.0094, 44.0094
1548371312, 232, 0.0, 1599.8932, 772.98706, 44.0094, 44.0094
1548371312, 744, 2.0, 1519.9493, 731.9861, 44.059753, 44.059753
1548371312, 755, 0.0, 1519.9493, 731.9861, 44.059753, 44.059753
1548371313, 269, 2.0, 1437.9053, 689.99634, 44.110107, 44.110107
1548371313, 280, 0.0, 1437.9053, 689.99634, 44.110107, 44.110107
1548371317, 18, 2.0, 1747.9248, 760.99, 44.16046, 44.16046
1548371317, 30, 0.0, 1747.9248, 760.99, 44.16046, 44.16046
1548371320, 913, 2.0, 1354.9127, 639.99756, 44.210815, 44.210815
1548371320, 924, 0.0, 1354.9127, 639.99756, 44.210815, 44.210815
1548371321, 436, 2.0, 1298.952, 613.00415, 44.26117, 44.26117
1548371321, 447, 0.0, 1298.952, 613.00415, 44.26117, 44.26117
1548371325, 81, 2.0, 399.9225, 812.99927, 44.311523, 44.311523
1548371325, 91, 0.0, 399.9225, 812.99927, 44.311523, 44.311523
1548371325, 605, 2.0, 501.9525, 772.98706, 44.361877, 44.361877
1548371325, 617, 0.0, 501.9525, 772.98706, 44.361877, 44.361877
1548371329, 166, 2.0, 999.90784, 586.01074, 44.41223, 44.41223
1548371329, 177, 0.0, 999.90784, 586.01074, 44.41223, 44.41223
1548371329, 691, 2.0, 1015.96436, 577.01294, 44.462585, 44.462585
1548371329, 703, 0.0, 1015.96436, 577.01294, 44.462585, 44.462585
1548371333, 284, 2.0, 1053.9038, 405.98877, 44.51294, 44.51294
1548371333, 296, 0.0, 1053.9038, 405.98877, 44.51294, 44.51294
1548371333, 806, 2.0, 1062.9144, 424.01733, 44.563293, 44.563293
1548371333, 817, 0.0, 1062.9144, 424.01733, 44.563293, 44.563293
1548371334, 331, 2.0, 1070.9088, 440.9912, 44.613647, 44.613647
1548371334, 344, 0.0, 1070.9088, 440.9912, 44.613647, 44.613647
1548371338, 236, 2.0, 195.93018, 604.9951, 44.664, 44.664
1548371338, 245, 0.0, 195.93018, 604.9951, 44.664, 44.664
1548371338, 763, 2.0, 407.98462, 586.9995, 44.714355, 44.714355
1548371338, 774, 0.0, 407.98462, 586.9995, 44.714355, 44.714355
1548371342, 500, 2.0, 1204.9164, 733.0078, 44.76471, 44.76471
1548371342, 510, 0.0, 1204.9164, 733.0078, 44.76471, 44.76471
1548371343, 22, 2.0, 1190.9601, 704.0039, 44.815063, 44.815063
1548371343, 33, 0.0, 1190.9601, 704.0039, 44.815063, 44.815063
1548371346, 396, 2.0, 766.91895, 375.00732, 44.865417, 44.865417
1548371346, 403, 0.0, 766.91895, 375.00732, 44.865417, 44.865417
1548371350, 484, 2.0, 802.9614, 398.0127, 44.91577, 44.91577
1548371350, 495, 0.0, 802.9614, 398.0127, 44.91577, 44.91577
1548371351, 9, 2.0, 848.963, 416.99707, 44.966125, 44.966125
1548371351, 21, 0.0, 848.963, 416.99707, 44.966125, 44.966125
1548371373, 292, 2.0, 2055.9119, 661.9812, 45.01648, 45.01648
1548371373, 384, 0.0, 2055.9119, 661.9812, 45.01648, 45.01648
1548371378, 115, 2.0, 1115.9619, 492.01172, 45.066833, 45.066833
1548371378, 370, 0.0, 1115.9619, 492.01172, 45.066833, 45.066833
1548371381, 307, 2.0, 1110.9485, 518.01636, 45.117188, 45.117188
1548371381, 321, 1.0, 1106.3755, 518.01636, 45.117188, 45.117188
1548371381, 503, 0.0, 1106.3755, 518.01636, 45.117188, 45.117188
1548371382, 909, 2.0, 1114.9457, 525.99243, 45.16754, 45.16754
1548371383, 105, 0.0, 1114.9457, 525.99243, 45.16754, 45.16754
1548371384, 419, 2.0, 1102.9541, 508.9856, 45.217896, 45.217896
1548371384, 636, 0.0, 1102.9541, 508.9856, 45.217896, 45.217896
1548371386, 75, 2.0, 1246.9208, 652.9834, 45.26825, 45.26825
1548371386, 105, 1.0, 1249.2062, 652.9834, 45.26825, 45.26825
1548371386, 122, 1.0, 1251.7902, 652.9834, 45.26825, 45.26825
1548371386, 137, 1.0, 1257.9089, 652.9834, 45.26825, 45.26825
1548371386, 155, 1.0, 1265.2816, 652.9834, 45.26825, 45.26825
1548371386, 171, 1.0, 1274.6117, 652.9834, 45.26825, 45.26825
1548371386, 189, 1.0, 1282.7205, 652.9834, 45.26825, 45.26825
1548371386, 201, 1.0, 1293.9386, 652.9834, 45.26825, 45.26825
1548371386, 201, 0.0, 1293.9386, 652.9834, 45.26825, 45.26825
1548371388, 376, 2.0, 1119.9591, 513.99536, 45.318604, 45.318604
1548371388, 519, 0.0, 1119.9591, 513.99536, 45.318604, 45.318604
1548371390, 776, 2.0, 1100.9216, 492.01172, 45.368958, 45.368958
1548371390, 929, 0.0, 1100.9216, 492.01172, 45.368958, 45.368958
1548371392, 187, 2.0, 1115.9619, 460.00854, 45.41931, 45.41931
1548371392, 370, 1.0, 1115.9619, 461.98608, 45.41931, 45.41931
1548371392, 371, 0.0, 1115.9619, 461.98608, 45.41931, 45.41931
1548371401, 671, 2.0, 1102.9541, 798.0029, 45.469666, 45.469666
1548371401, 683, 0.0, 1102.9541, 798.0029, 45.469666, 45.469666
1548371405, 290, 2.0, 1129.9182, 654.9939, 45.52002, 45.52002
1548371405, 300, 0.0, 1129.9182, 654.9939, 45.52002, 45.52002
1548371408, 863, 2.0, 1084.9329, 721.01074, 45.570374, 45.570374
1548371408, 869, 0.0, 1084.9329, 721.01074, 45.570374, 45.570374
1548371412, 356, 2.0, 1547.9297, 692.9956, 45.620728, 45.620728
1548371412, 367, 0.0, 1547.9297, 692.9956, 45.620728, 45.620728
1548371418, 298, 2.0, 1549.8944, 701.9934, 45.67108, 45.67108
1548371418, 309, 0.0, 1549.8944, 701.9934, 45.67108, 45.67108
1548371418, 820, 2.0, 1443.9349, 657.0044, 45.721436, 45.721436
1548371418, 831, 0.0, 1443.9349, 657.0044, 45.721436, 45.721436
1548371419, 342, 2.0, 1335.943, 610.0049, 45.77179, 45.77179
1548371419, 353, 0.0, 1335.943, 610.0049, 45.77179, 45.77179
1548371422, 986, 2.0, 2172.9146, 672.9895, 45.822144, 45.822144
1548371422, 997, 0.0, 2172.9146, 672.9895, 45.822144, 45.822144
1548371423, 514, 2.0, 1921.9043, 633.999, 45.872498, 45.872498
1548371423, 525, 0.0, 1921.9043, 633.999, 45.872498, 45.872498
1548371424, 39, 2.0, 1669.9457, 593.9868, 45.92285, 45.92285
1548371424, 51, 0.0, 1669.9457, 593.9868, 45.92285, 45.92285
1548371430, 785, 2.0, 708.9258, 1054.9841, 45.973206, 45.973206
1548371430, 797, 0.0, 708.9258, 1054.9841, 45.973206, 45.973206
1548371431, 309, 2.0, 795.9155, 927.99316, 46.02356, 46.02356
1548371431, 320, 0.0, 795.9155, 927.99316, 46.02356, 46.02356
1548371434, 501, 2.0, 428.98682, 378.99536, 46.073914, 46.073914
1548371434, 511, 0.0, 428.98682, 378.99536, 46.073914, 46.073914
1548371438, 404, 2.0, 1674.8914, 639.99756, 46.124268, 46.124268
1548371438, 412, 0.0, 1674.8914, 639.99756, 46.124268, 46.124268
1548371438, 925, 2.0, 1590.9503, 619.99146, 46.17462, 46.17462
1548371438, 935, 0.0, 1590.9503, 619.99146, 46.17462, 46.17462
1548371439, 448, 2.0, 1505.9253, 601.0071, 46.224976, 46.224976
1548371439, 458, 0.0, 1505.9253, 601.0071, 46.224976, 46.224976
1548371443, 329, 2.0, 1465.9534, 727.99805, 46.27533, 46.27533
1548371443, 340, 0.0, 1465.9534, 727.99805, 46.27533, 46.27533
1548371443, 852, 2.0, 1378.8959, 675.9888, 46.325684, 46.325684
1548371443, 863, 0.0, 1378.8959, 675.9888, 46.325684, 46.325684
1548371444, 377, 2.0, 1289.9414, 624.01245, 46.376038, 46.376038
1548371444, 387, 0.0, 1289.9414, 624.01245, 46.376038, 46.376038
1548371444, 899, 2.0, 1201.9354, 572.0032, 46.42639, 46.42639
1548371444, 910, 0.0, 1201.9354, 572.0032, 46.42639, 46.42639
1548371450, 783, 2.0, 780.943, 633.999, 46.476746, 46.476746
1548371450, 793, 0.0, 780.943, 633.999, 46.476746, 46.476746
1548371451, 305, 2.0, 823.9636, 614.9817, 46.5271, 46.5271
1548371451, 315, 0.0, 823.9636, 614.9817, 46.5271, 46.5271
1548371451, 829, 2.0, 867.93274, 595.9973, 46.577454, 46.577454
1548371451, 839, 0.0, 867.93274, 595.9973, 46.577454, 46.577454
1548371455, 316, 2.0, 139.96948, 381.99463, 46.627808, 46.627808
1548371455, 327, 0.0, 139.96948, 381.99463, 46.627808, 46.627808
1548371455, 840, 2.0, 132.99133, 389.0149, 46.67816, 46.67816
1548371455, 850, 0.0, 132.99133, 389.0149, 46.67816, 46.67816
1548371456, 362, 2.0, 126.96167, 381.99463, 46.728516, 46.728516
1548371456, 376, 0.0, 126.96167, 381.99463, 46.728516, 46.728516
1548371456, 887, 2.0, 132.99133, 378.99536, 46.77887, 46.77887
1548371456, 899, 0.0, 132.99133, 378.99536, 46.77887, 46.77887
1548371458, 852, 2.0, 734.9414, 469.00635, 46.829224, 46.829224
1548371458, 862, 0.0, 734.9414, 469.00635, 46.829224, 46.829224
1548371462, 685, 2.0, 418.95996, 636.0095, 46.879578, 46.879578
1548371462, 697, 0.0, 418.95996, 636.0095, 46.879578, 46.879578
1548371463, 211, 2.0, 512.92786, 616.9922, 46.92993, 46.92993
1548371463, 220, 0.0, 512.92786, 616.9922, 46.92993, 46.92993
1548371463, 734, 2.0, 607.97974, 598.0078, 46.980286, 46.980286
1548371463, 745, 0.0, 607.97974, 598.0078, 46.980286, 46.980286
1548371464, 259, 2.0, 703.91235, 578.9905, 47.03064, 47.03064
1548371464, 269, 0.0, 703.91235, 578.9905, 47.03064, 47.03064
1548371468, 27, 2.0, 1253.8989, 224.02222, 47.080994, 47.080994
1548371468, 38, 0.0, 1253.8989, 224.02222, 47.080994, 47.080994
1548371468, 551, 2.0, 1215.9595, 287.9956, 47.131348, 47.131348
1548371468, 562, 0.0, 1215.9595, 287.9956, 47.131348, 47.131348
1548371469, 74, 2.0, 1175.9198, 351.01318, 47.1817, 47.1817
1548371469, 86, 0.0, 1175.9198, 351.01318, 47.1817, 47.1817
1548371473, 144, 2.0, 1665.9485, 704.0039, 47.232056, 47.232056
1548371473, 154, 0.0, 1665.9485, 704.0039, 47.232056, 47.232056
1548371473, 667, 2.0, 1582.8882, 675.9888, 47.28241, 47.28241
1548371473, 678, 0.0, 1582.8882, 675.9888, 47.28241, 47.28241
1548371474, 191, 2.0, 1500.9119, 645.9961, 47.332764, 47.332764
1548371474, 202, 0.0, 1500.9119, 645.9961, 47.332764, 47.332764
1548371477, 995, 2.0, 1183.9142, 604.9951, 47.383118, 47.383118
1548371478, 6, 0.0, 1183.9142, 604.9951, 47.383118, 47.383118
1548371481, 624, 2.0, 856.9574, 816.9873, 47.43347, 47.43347
1548371481, 637, 0.0, 856.9574, 816.9873, 47.43347, 47.43347
1548371484, 776, 2.0, 1039.9475, 619.99146, 47.483826, 47.483826
1548371484, 787, 0.0, 1039.9475, 619.99146, 47.483826, 47.483826
1548371485, 300, 2.0, 1044.9609, 602.9846, 47.53418, 47.53418
1548371485, 312, 0.0, 1044.9609, 602.9846, 47.53418, 47.53418
1548371485, 824, 2.0, 1051.9391, 586.9995, 47.584534, 47.584534
1548371485, 835, 0.0, 1051.9391, 586.9995, 47.584534, 47.584534
1548371489, 299, 2.0, 1237.9102, 504.0088, 47.634888, 47.634888
1548371489, 311, 0.0, 1237.9102, 504.0088, 47.634888, 47.634888
1548371495, 302, 2.0, 1911.8774, 581.98975, 47.68524, 47.68524
1548371495, 311, 0.0, 1911.8774, 581.98975, 47.68524, 47.68524
1548371495, 825, 2.0, 1721.9092, 564.9829, 47.735596, 47.735596
1548371495, 836, 0.0, 1721.9092, 564.9829, 47.735596, 47.735596
1548371496, 347, 2.0, 1530.9247, 545.99854, 47.78595, 47.78595
1548371496, 360, 0.0, 1530.9247, 545.99854, 47.78595, 47.78595
1548371503, 55, 2.0, 1406.944, 81.01318, 47.836304, 47.836304
1548371503, 66, 0.0, 1406.944, 81.01318, 47.836304, 47.836304
1548371503, 579, 2.0, 1333.9105, 179.00024, 47.886658, 47.886658
1548371503, 589, 0.0, 1333.9105, 179.00024, 47.886658, 47.886658
1548371507, 750, 2.0, 1267.923, 451.9995, 47.93701, 47.93701
1548371507, 761, 0.0, 1267.923, 451.9995, 47.93701, 47.93701
1548371511, 515, 2.0, 1246.9208, 227.02148, 47.987366, 47.987366
1548371511, 524, 0.0, 1246.9208, 227.02148, 47.987366, 47.987366
1548371515, 511, 2.0, 959.9359, 365.02075, 48.03772, 48.03772
1548371515, 522, 0.0, 959.9359, 365.02075, 48.03772, 48.03772
1548371519, 464, 2.0, 1354.9127, 412.02026, 48.088074, 48.088074
1548371519, 474, 0.0, 1354.9127, 412.02026, 48.088074, 48.088074
1548371519, 985, 2.0, 1316.9055, 424.01733, 48.138428, 48.138428
1548371519, 995, 0.0, 1316.9055, 424.01733, 48.138428, 48.138428
1548371520, 507, 2.0, 1277.9498, 437.99194, 48.18878, 48.18878
1548371520, 518, 0.0, 1277.9498, 437.99194, 48.18878, 48.18878
1548371524, 505, 2.0, 1004.92126, 610.0049, 48.239136, 48.239136
1548371524, 515, 0.0, 1004.92126, 610.0049, 48.239136, 48.239136
1548371525, 29, 2.0, 1016.91284, 593.9868, 48.28949, 48.28949
1548371525, 39, 0.0, 1016.91284, 593.9868, 48.28949, 48.28949
1548371528, 531, 2.0, 91.935425, 271.02173, 48.339844, 48.339844
1548371528, 543, 0.0, 91.935425, 271.02173, 48.339844, 48.339844
1548371529, 55, 2.0, 388.94714, 339.0161, 48.390198, 48.390198
1548371529, 68, 0.0, 388.94714, 339.0161, 48.390198, 48.390198
1548371529, 588, 2.0, 686.9751, 407.99927, 48.44055, 48.44055
1548371529, 598, 0.0, 686.9751, 407.99927, 48.44055, 48.44055
1548371533, 858, 2.0, 583.92883, 405.0, 48.490906, 48.490906
1548371533, 867, 0.0, 583.92883, 405.0, 48.490906, 48.490906
1548371534, 380, 2.0, 700.9314, 427.0166, 48.54126, 48.54126
1548371534, 391, 0.0, 700.9314, 427.0166, 48.54126, 48.54126
1548371534, 907, 2.0, 814.953, 448.01147, 48.591614, 48.591614
1548371534, 918, 0.0, 814.953, 448.01147, 48.591614, 48.591614
1548371535, 431, 2.0, 929.9231, 471.01685, 48.641968, 48.641968
1548371535, 441, 0.0, 929.9231, 471.01685, 48.641968, 48.641968
1548371539, 260, 2.0, 1373.9502, 1014.9719, 48.69232, 48.69232
1548371539, 270, 0.0, 1373.9502, 1014.9719, 48.69232, 48.69232
1548371543, 247, 2.0, 440.9784, 786.9946, 48.742676, 48.742676
1548371543, 259, 0.0, 440.9784, 786.9946, 48.742676, 48.742676
1548371543, 772, 2.0, 533.93005, 746.9824, 48.79303, 48.79303
1548371543, 782, 0.0, 533.93005, 746.9824, 48.79303, 48.79303
1548371544, 294, 2.0, 625.9332, 705.98145, 48.843384, 48.843384
1548371544, 305, 0.0, 625.9332, 705.98145, 48.843384, 48.843384
1548371544, 815, 2.0, 715.9717, 666.0022, 48.893738, 48.893738
1548371544, 825, 0.0, 715.9717, 666.0022, 48.893738, 48.893738
1548371548, 325, 2.0, 1018.9453, 651.9946, 48.94409, 48.94409
1548371548, 337, 0.0, 1018.9453, 651.9946, 48.94409, 48.94409
1548371548, 849, 2.0, 1028.9044, 628.98926, 48.994446, 48.994446
1548371548, 859, 0.0, 1028.9044, 628.98926, 48.994446, 48.994446
1548371549, 376, 2.0, 1037.915, 607.9944, 49.0448, 49.0448
1548371549, 394, 0.0, 1037.915, 607.9944, 49.0448, 49.0448
1548371549, 909, 2.0, 1046.9257, 586.9995, 49.095154, 49.095154
1548371549, 916, 0.0, 1046.9257, 586.9995, 49.095154, 49.095154
1548371553, 330, 2.0, 1242.9236, 422.00684, 49.145508, 49.145508
1548371553, 342, 0.0, 1242.9236, 422.00684, 49.145508, 49.145508
1548371553, 854, 2.0, 1220.9052, 434.0039, 49.19586, 49.19586
1548371553, 865, 0.0, 1220.9052, 434.0039, 49.19586, 49.19586
1548371557, 804, 2.0, 1088.93, 625.99, 49.246216, 49.246216
1548371557, 815, 0.0, 1088.93, 625.99, 49.246216, 49.246216
1548371561, 547, 2.0, 1246.9208, 412.02026, 49.29657, 49.29657
1548371561, 558, 0.0, 1246.9208, 412.02026, 49.29657, 49.29657
1548371565, 453, 2.0, 1201.9354, 504.0088, 49.346924, 49.346924
1548371565, 463, 0.0, 1201.9354, 504.0088, 49.346924, 49.346924
1548371569, 191, 2.0, 1416.9031, 607.9944, 49.397278, 49.397278
1548371569, 202, 0.0, 1416.9031, 607.9944, 49.397278, 49.397278
1548371569, 715, 2.0, 1369.953, 592.99805, 49.44763, 49.44763
1548371569, 726, 0.0, 1369.953, 592.99805, 49.44763, 49.44763
1548371570, 238, 2.0, 1322.9352, 578.9905, 49.497986, 49.497986
1548371570, 251, 0.0, 1322.9352, 578.9905, 49.497986, 49.497986
1548371573, 942, 2.0, 1730.9198, 699.9829, 49.54834, 49.54834
1548371573, 953, 0.0, 1730.9198, 699.9829, 49.54834, 49.54834
1548371574, 465, 2.0, 1637.9004, 672.9895, 49.598694, 49.598694
1548371574, 476, 0.0, 1637.9004, 672.9895, 49.598694, 49.598694
1548371574, 988, 2.0, 1545.8972, 645.0073, 49.649048, 49.649048
1548371575, 0, 0.0, 1545.8972, 645.0073, 49.649048, 49.649048
1548371578, 905, 2.0, 1209.9298, 572.99194, 49.6994, 49.6994
1548371578, 914, 0.0, 1209.9298, 572.99194, 49.6994, 49.6994
1548371582, 542, 2.0, 808.92334, 672.9895, 49.749756, 49.749756
1548371582, 553, 0.0, 808.92334, 672.9895, 49.749756, 49.749756
1548371583, 66, 2.0, 846.93054, 648.0066, 49.80011, 49.80011
1548371583, 78, 0.0, 846.93054, 648.0066, 49.80011, 49.80011
1548371586, 459, 2.0, 1916.8909, 895.0012, 49.850464, 49.850464
1548371586, 470, 0.0, 1916.8909, 895.0012, 49.850464, 49.850464
1548371586, 982, 2.0, 1724.8901, 804.99023, 49.900818, 49.900818
1548371586, 993, 0.0, 1724.8901, 804.99023, 49.900818, 49.900818
1548371590, 623, 2.0, 1550.9106, 384.00513, 49.95117, 49.95117
1548371590, 634, 0.0, 1550.9106, 384.00513, 49.95117, 49.95117
1548371594, 820, 2.0, 1387.9065, 483.01392, 50.001526, 50.001526
1548371594, 831, 0.0, 1387.9065, 483.01392, 50.001526, 50.001526
1548371598, 593, 2.0, 621.93604, 381.99463, 50.05188, 50.05188
1548371598, 603, 0.0, 621.93604, 381.99463, 50.05188, 50.05188
1548371599, 115, 2.0, 729.928, 410.00977, 50.102234, 50.102234
1548371599, 126, 0.0, 729.928, 410.00977, 50.102234, 50.102234
1548371599, 641, 2.0, 835.9552, 436.0144, 50.152588, 50.152588
1548371599, 650, 0.0, 835.9552, 436.0144, 50.152588, 50.152588
1548371600, 165, 2.0, 941.9147, 463.99658, 50.20294, 50.20294
1548371600, 176, 0.0, 941.9147, 463.99658, 50.20294, 50.20294
1548371604, 10, 2.0, 1037.915, 290.0061, 50.253296, 50.253296
1548371604, 21, 0.0, 1037.915, 290.0061, 50.253296, 50.253296
1548371604, 533, 2.0, 1044.9609, 319.99878, 50.30365, 50.30365
1548371604, 546, 0.0, 1044.9609, 319.99878, 50.30365, 50.30365
1548371605, 57, 2.0, 1051.9391, 351.01318, 50.354004, 50.354004
1548371605, 69, 0.0, 1051.9391, 351.01318, 50.354004, 50.354004
1548371609, 133, 2.0, 1361.8909, 193.00781, 50.404358, 50.404358
1548371609, 144, 0.0, 1361.8909, 193.00781, 50.404358, 50.404358
1548371609, 658, 2.0, 1321.919, 236.01929, 50.454712, 50.454712
1548371609, 670, 0.0, 1321.919, 236.01929, 50.454712, 50.454712
1548371614, 102, 2.0, 1215.9595, 475.99365, 50.505066, 50.505066
1548371614, 112, 0.0, 1215.9595, 475.99365, 50.505066, 50.505066
1548371617, 955, 2.0, 1542.9163, 962.9956, 50.55542, 50.55542
1548371617, 966, 0.0, 1542.9163, 962.9956, 50.55542, 50.55542
1548371618, 478, 2.0, 1437.9053, 856.9995, 50.605774, 50.605774
1548371618, 490, 0.0, 1437.9053, 856.9995, 50.605774, 50.605774
1548371619, 5, 2.0, 1331.9458, 748.9929, 50.656128, 50.656128
1548371619, 15, 0.0, 1331.9458, 748.9929, 50.656128, 50.656128
1548371625, 405, 2.0, 362.93152, 387.0044, 50.706482, 50.706482
1548371625, 417, 0.0, 362.93152, 387.0044, 50.706482, 50.706482
1548371625, 929, 2.0, 357.98584, 393.00293, 50.756836, 50.756836
1548371625, 943, 0.0, 357.98584, 393.00293, 50.756836, 50.756836
1548371626, 453, 2.0, 350.93994, 387.0044, 50.80719, 50.80719
1548371626, 464, 0.0, 350.93994, 387.0044, 50.80719, 50.80719
1548371626, 974, 2.0, 357.98584, 381.99463, 50.857544, 50.857544
1548371626, 986, 0.0, 357.98584, 381.99463, 50.857544, 50.857544
1548371628, 934, 2.0, 453.91846, 284.99634, 50.907898, 50.907898
1548371628, 944, 0.0, 453.91846, 284.99634, 50.907898, 50.907898
1548371629, 457, 2.0, 599.9176, 334.99512, 50.958252, 50.958252
1548371629, 466, 0.0, 599.9176, 334.99512, 50.958252, 50.958252
1548371629, 979, 2.0, 743.952, 384.00513, 51.008606, 51.008606
1548371629, 990, 0.0, 743.952, 384.00513, 51.008606, 51.008606
1548371633, 937, 2.0, 1115.9619, 739.9951, 51.05896, 51.05896
1548371633, 947, 0.0, 1115.9619, 739.9951, 51.05896, 51.05896
1548371634, 463, 2.0, 1110.9485, 705.98145, 51.109314, 51.109314
1548371634, 474, 0.0, 1110.9485, 705.98145, 51.109314, 51.109314
1548371634, 985, 2.0, 1107.8998, 672.9895, 51.159668, 51.159668
1548371634, 995, 0.0, 1107.8998, 672.9895, 51.159668, 51.159668
1548371635, 508, 2.0, 1102.9541, 637.98706, 51.210022, 51.210022
1548371635, 518, 0.0, 1102.9541, 637.98706, 51.210022, 51.210022
1548371638, 782, 2.0, 230.95642, 563.0054, 51.260376, 51.260376
1548371638, 793, 0.0, 230.95642, 563.0054, 51.260376, 51.260376
1548371639, 308, 2.0, 486.97998, 543.98804, 51.31073, 51.31073
1548371639, 320, 0.0, 486.97998, 543.98804, 51.31073, 51.31073
1548371643, 170, 2.0, 1620.8954, 680.00977, 51.361084, 51.361084
1548371643, 180, 0.0, 1620.8954, 680.00977, 51.361084, 51.361084
1548371643, 693, 2.0, 1543.9325, 652.9834, 51.411438, 51.411438
1548371643, 703, 0.0, 1543.9325, 652.9834, 51.411438, 51.411438
1548371644, 218, 2.0, 1467.9181, 628.98926, 51.461792, 51.461792
1548371644, 227, 0.0, 1467.9181, 628.98926, 51.461792, 51.461792
1548371648, 14, 2.0, 1526.9275, 540.0, 51.512146, 51.512146
1548371648, 25, 0.0, 1526.9275, 540.0, 51.512146, 51.512146
1548371648, 537, 2.0, 1425.9137, 531.99097, 51.5625, 51.5625
1548371648, 548, 0.0, 1425.9137, 531.99097, 51.5625, 51.5625
1548371649, 60, 2.0, 1322.9352, 521.0156, 51.612854, 51.612854
1548371649, 71, 0.0, 1322.9352, 521.0156, 51.612854, 51.612854
1548371652, 852, 2.0, 1110.9485, 193.00781, 51.663208, 51.663208
1548371652, 864, 0.0, 1110.9485, 193.00781, 51.663208, 51.663208
1548371653, 376, 2.0, 1107.8998, 237.99683, 51.713562, 51.713562
1548371653, 390, 0.0, 1107.8998, 237.99683, 51.713562, 51.713562
1548371653, 905, 2.0, 1103.9026, 281.0083, 51.763916, 51.763916
1548371653, 915, 0.0, 1103.9026, 281.0083, 51.763916, 51.763916
1548371658, 197, 2.0, 1295.9033, 742.0056, 51.81427, 51.81427
1548371658, 210, 0.0, 1295.9033, 742.0056, 51.81427, 51.81427
1548371661, 582, 2.0, 1684.9182, 801.0022, 51.864624, 51.864624
1548371661, 595, 0.0, 1684.9182, 801.0022, 51.864624, 51.864624
1548371662, 107, 2.0, 1599.8932, 760.0012, 51.914978, 51.914978
1548371662, 119, 0.0, 1599.8932, 760.0012, 51.914978, 51.914978
1548371662, 633, 2.0, 1514.9359, 716.001, 51.965332, 51.965332
1548371662, 645, 0.0, 1514.9359, 716.001, 51.965332, 51.965332
1548371663, 158, 2.0, 1427.9462, 672.9895, 52.015686, 52.015686
1548371663, 168, 0.0, 1427.9462, 672.9895, 52.015686, 52.015686
1548371669, 855, 2.0, 1246.9208, 346.9922, 52.06604, 52.06604
1548371669, 866, 0.0, 1246.9208, 346.9922, 52.06604, 52.06604
1548371670, 383, 2.0, 1222.9376, 369.99756, 52.116394, 52.116394
1548371670, 393, 0.0, 1222.9376, 369.99756, 52.116394, 52.116394
1548371670, 905, 2.0, 1199.903, 393.00293, 52.166748, 52.166748
1548371670, 915, 0.0, 1199.903, 393.00293, 52.166748, 52.166748
1548371671, 434, 2.0, 1176.936, 413.00903, 52.217102, 52.217102
1548371671, 439, 0.0, 1176.936, 413.00903, 52.217102, 52.217102
1548371675, 490, 2.0, 997.9431, 764.978, 52.267456, 52.267456
1548371675, 499, 0.0, 997.9431, 764.978, 52.267456, 52.267456
1548371676, 11, 2.0, 1009.9347, 727.99805, 52.31781, 52.31781
1548371676, 22, 0.0, 1009.9347, 727.99805, 52.31781, 52.31781
1548371676, 534, 2.0, 1022.9425, 689.99634, 52.368164, 52.368164
1548371676, 547, 0.0, 1022.9425, 689.99634, 52.368164, 52.368164
1548371679, 755, 2.0, 1260.9448, 378.99536, 52.418518, 52.418518
1548371679, 764, 0.0, 1260.9448, 378.99536, 52.418518, 52.418518
1548371686, 354, 2.0, 14.972534, 181.99951, 52.468872, 52.468872
1548371686, 366, 0.0, 14.972534, 181.99951, 52.468872, 52.468872
1548371686, 877, 2.0, 261.98547, 257.01416, 52.519226, 52.519226
1548371686, 889, 0.0, 261.98547, 257.01416, 52.519226, 52.519226
1548371687, 402, 2.0, 507.98218, 330.0183, 52.56958, 52.56958
1548371687, 413, 0.0, 507.98218, 330.0183, 52.56958, 52.56958
1548371687, 925, 2.0, 754.92737, 402.9895, 52.619934, 52.619934
1548371687, 937, 0.0, 754.92737, 402.9895, 52.619934, 52.619934
1548371696, 38, 2.0, 348.97522, 955.97534, 52.670288, 52.670288
1548371696, 48, 0.0, 348.97522, 955.97534, 52.670288, 52.670288
1548371699, 372, 2.0, 914.95056, 528.0029, 52.720642, 52.720642
1548371699, 385, 0.0, 914.95056, 528.0029, 52.720642, 52.720642
1548371703, 87, 2.0, 1563.9185, 593.9868, 52.770996, 52.770996
1548371703, 95, 0.0, 1563.9185, 593.9868, 52.770996, 52.770996
1548371703, 608, 2.0, 1453.894, 572.99194, 52.82135, 52.82135
1548371703, 618, 0.0, 1453.894, 572.99194, 52.82135, 52.82135
1548371704, 129, 2.0, 1342.9211, 551.0083, 52.871704, 52.871704
1548371704, 140, 0.0, 1342.9211, 551.0083, 52.871704, 52.871704
1548371707, 880, 2.0, 1524.895, 286.01807, 52.92206, 52.92206
1548371707, 891, 0.0, 1524.895, 286.01807, 52.92206, 52.92206
1548371708, 405, 2.0, 1462.9047, 316.01074, 52.972412, 52.972412
1548371708, 416, 0.0, 1462.9047, 316.01074, 52.972412, 52.972412
1548371708, 927, 2.0, 1399.8981, 346.9922, 53.022766, 53.022766
1548371708, 938, 0.0, 1399.8981, 346.9922, 53.022766, 53.022766
1548371709, 451, 2.0, 1335.943, 378.99536, 53.07312, 53.07312
1548371709, 461, 0.0, 1335.943, 378.99536, 53.07312, 53.07312
1548371716, 33, 2.0, 928.90686, 760.0012, 53.123474, 53.123474
1548371716, 42, 0.0, 928.90686, 760.0012, 53.123474, 53.123474
1548371716, 556, 2.0, 964.94934, 699.9829, 53.17383, 53.17383
1548371716, 565, 0.0, 964.94934, 699.9829, 53.17383, 53.17383
1548371730, 393, 2.0, 1317.9218, 824.00757, 53.224182, 53.224182
1548371730, 520, 0.0, 1317.9218, 824.00757, 53.224182, 53.224182
