1548374563, 802, 0.0, 1831.9336, 801.0022, 8.761597, 8.761597
1548374577, 119, 2.0, 1165.9607, 302.99194, 8.811951, 8.811951
1548374577, 525, 0.0, 1165.9607, 302.99194, 8.811951, 8.811951
1548374581, 667, 2.0, 1360.9424, 460.9973, 8.862305, 8.862305
1548374581, 678, 0.0, 1360.9424, 460.9973, 8.862305, 8.862305
1548374585, 234, 2.0, 1220.9052, 548.9978, 8.912659, 8.912659
1548374585, 244, 0.0, 1220.9052, 548.9978, 8.912659, 8.912659
1548374588, 369, 2.0, 1433.9081, 643.9856, 8.963013, 8.963013
1548374588, 381, 0.0, 1433.9081, 643.9856, 8.963013, 8.963013
1548374588, 895, 2.0, 1383.9093, 625.0012, 9.013367, 9.013367
1548374588, 906, 0.0, 1383.9093, 625.0012, 9.013367, 9.013367
1548374589, 422, 2.0, 1332.8943, 604.00635, 9.063721, 9.063721
1548374589, 430, 0.0, 1332.8943, 604.00635, 9.063721, 9.063721
1548374592, 529, 2.0, 841.9171, 783.99536, 9.114075, 9.114075
1548374592, 541, 0.0, 841.9171, 783.99536, 9.114075, 9.114075
1548374595, 123, 2.0, 911.9696, 680.00977, 9.164429, 9.164429
1548374595, 134, 0.0, 911.9696, 680.00977, 9.164429, 9.164429
1548374597, 901, 2.0, 643.95447, 710.9912, 9.214783, 9.214783
1548374597, 911, 0.0, 643.95447, 710.9912, 9.214783, 9.214783
1548374600, 743, 2.0, 853.9087, 677.99927, 9.265137, 9.265137
1548374600, 752, 0.0, 853.9087, 677.99927, 9.265137, 9.265137
1548374601, 267, 2.0, 906.9562, 636.9983, 9.315491, 9.315491
1548374601, 281, 0.0, 906.9562, 636.9983, 9.315491, 9.315491
1548374601, 797, 2.0, 959.9359, 595.00854, 9.365845, 9.365845
1548374601, 810, 0.0, 959.9359, 595.00854, 9.365845, 9.365845
1548374605, 194, 2.0, 1493.9337, 458.98682, 9.416199, 9.416199
1548374605, 204, 0.0, 1493.9337, 458.98682, 9.416199, 9.416199
1548374605, 718, 2.0, 1433.9081, 465.0183, 9.466553, 9.466553
1548374605, 728, 0.0, 1433.9081, 465.0183, 9.466553, 9.466553
1548374609, 697, 2.0, 1628.8898, 249.9939, 9.516907, 9.516907
1548374609, 708, 0.0, 1628.8898, 249.9939, 9.516907, 9.516907
1548374617, 433, 2.0, 1634.9194, 181.01074, 9.567261, 9.567261
1548374617, 445, 0.0, 1634.9194, 181.01074, 9.567261, 9.567261
1548374617, 970, 2.0, 1554.9078, 227.02148, 9.617615, 9.617615
1548374617, 978, 0.0, 1554.9078, 227.02148, 9.617615, 9.617615
1548374618, 491, 2.0, 1477.945, 272.99927, 9.667969, 9.667969
1548374618, 503, 0.0, 1477.945, 272.99927, 9.667969, 9.667969
1548374622, 731, 2.0, 1198.9545, 555.9851, 9.718323, 9.718323
1548374622, 742, 0.0, 1198.9545, 555.9851, 9.718323, 9.718323
1548374626, 106, 2.0, 1200.9192, 661.9812, 9.768677, 9.768677
1548374626, 115, 0.0, 1200.9192, 661.9812, 9.768677, 9.768677
1548374626, 633, 2.0, 1183.9142, 639.0088, 9.819031, 9.819031
1548374626, 645, 0.0, 1183.9142, 639.0088, 9.819031, 9.819031
1548374627, 161, 2.0, 1167.9254, 616.0034, 9.869385, 9.869385
1548374627, 171, 0.0, 1167.9254, 616.0034, 9.869385, 9.869385
1548374630, 299, 2.0, 583.92883, 804.99023, 9.919739, 9.919739
1548374630, 308, 0.0, 583.92883, 804.99023, 9.919739, 9.919739
1548374633, 284, 2.0, 779.92676, 754.99146, 9.970093, 9.970093
1548374633, 293, 0.0, 779.92676, 754.99146, 9.970093, 9.970093
1548374633, 806, 2.0, 850.92773, 696.98364, 10.020447, 10.020447
1548374633, 817, 0.0, 850.92773, 696.98364, 10.020447, 10.020447
1548374636, 912, 2.0, 2011.875, 846.98, 10.070801, 10.070801
1548374636, 922, 0.0, 2011.875, 846.98, 10.070801, 10.070801
1548374637, 435, 2.0, 1797.9236, 767.9773, 10.121155, 10.121155
1548374637, 446, 0.0, 1797.9236, 767.9773, 10.121155, 10.121155
1548374637, 962, 2.0, 1582.8882, 686.9971, 10.171509, 10.171509
1548374637, 973, 0.0, 1582.8882, 686.9971, 10.171509, 10.171509
1548374638, 487, 2.0, 1368.9368, 607.0056, 10.221863, 10.221863
1548374638, 497, 0.0, 1368.9368, 607.0056, 10.221863, 10.221863
1548374642, 240, 2.0, 779.92676, 714.97925, 10.272217, 10.272217
1548374642, 252, 0.0, 779.92676, 714.97925, 10.272217, 10.272217
1548374642, 766, 2.0, 823.9636, 683.00903, 10.322571, 10.322571
1548374642, 777, 0.0, 823.9636, 683.00903, 10.322571, 10.322571
1548374646, 137, 2.0, 1094.9597, 605.9839, 10.372925, 10.372925
1548374646, 147, 0.0, 1094.9597, 605.9839, 10.372925, 10.372925
1548374649, 368, 2.0, 552.9675, 246.00586, 10.423279, 10.423279
1548374649, 378, 0.0, 552.9675, 246.00586, 10.423279, 10.423279
1548374649, 890, 2.0, 628.9142, 281.0083, 10.473633, 10.473633
1548374649, 901, 0.0, 628.9142, 281.0083, 10.473633, 10.473633
1548374650, 417, 2.0, 703.91235, 318.02124, 10.523987, 10.523987
1548374650, 432, 0.0, 703.91235, 318.02124, 10.523987, 10.523987
1548374650, 950, 2.0, 779.92676, 355.00122, 10.574341, 10.574341
1548374650, 962, 0.0, 779.92676, 355.00122, 10.574341, 10.574341
1548374654, 869, 2.0, 1012.91565, 757.00195, 10.624695, 10.624695
1548374654, 881, 0.0, 1012.91565, 757.00195, 10.624695, 10.624695
1548374657, 722, 2.0, 1156.9501, 525.00366, 10.675049, 10.675049
1548374657, 732, 0.0, 1156.9501, 525.00366, 10.675049, 10.675049
1548374661, 38, 2.0, 1713.9148, 112.02759, 10.725403, 10.725403
1548374661, 50, 0.0, 1713.9148, 112.02759, 10.725403, 10.725403
1548374661, 561, 2.0, 1568.9319, 202.00562, 10.775757, 10.775757
1548374661, 571, 0.0, 1568.9319, 202.00562, 10.775757, 10.775757
1548374669, 639, 2.0, 1278.8983, 842.99194, 10.826111, 10.826111
1548374669, 650, 0.0, 1278.8983, 842.99194, 10.826111, 10.826111
1548374670, 164, 2.0, 1249.9017, 793.98193, 10.876465, 10.876465
1548374670, 175, 0.0, 1249.9017, 793.98193, 10.876465, 10.876465
1548374673, 7, 2.0, 1207.8973, 701.9934, 10.926819, 10.926819
1548374673, 18, 0.0, 1207.8973, 701.9934, 10.926819, 10.926819
1548374676, 169, 2.0, 904.9237, 319.99878, 10.977173, 10.977173
1548374676, 178, 0.0, 904.9237, 319.99878, 10.977173, 10.977173
1548374682, 898, 2.0, 1551.9269, 575.9912, 11.027527, 11.027527
1548374682, 909, 0.0, 1551.9269, 575.9912, 11.027527, 11.027527
1548374683, 423, 2.0, 1484.9231, 564.9829, 11.077881, 11.077881
1548374683, 434, 0.0, 1484.9231, 564.9829, 11.077881, 11.077881
1548374686, 948, 2.0, 1581.9397, 575.9912, 11.128235, 11.128235
1548374686, 959, 0.0, 1581.9397, 575.9912, 11.128235, 11.128235
1548374687, 472, 2.0, 1510.9387, 564.9829, 11.178589, 11.178589
1548374687, 483, 0.0, 1510.9387, 564.9829, 11.178589, 11.178589
1548374691, 27, 2.0, 1207.8973, 551.0083, 11.228943, 11.228943
1548374691, 38, 0.0, 1207.8973, 551.0083, 11.228943, 11.228943
1548374691, 552, 2.0, 1190.9601, 543.98804, 11.279297, 11.279297
1548374691, 563, 0.0, 1190.9601, 543.98804, 11.279297, 11.279297
1548374692, 76, 2.0, 1172.9388, 537.00073, 11.329651, 11.329651
1548374692, 87, 0.0, 1172.9388, 537.00073, 11.329651, 11.329651
1548374695, 759, 2.0, 1294.9548, 504.99756, 11.380005, 11.380005
1548374695, 770, 0.0, 1294.9548, 504.99756, 11.380005, 11.380005
1548374696, 281, 2.0, 1264.942, 502.98706, 11.430359, 11.430359
1548374696, 292, 0.0, 1264.942, 502.98706, 11.430359, 11.430359
1548374696, 819, 2.0, 1234.9292, 502.98706, 11.480713, 11.480713
1548374696, 828, 0.0, 1234.9292, 502.98706, 11.480713, 11.480713
1548374697, 342, 2.0, 1202.9517, 502.98706, 11.531067, 11.531067
1548374697, 353, 0.0, 1202.9517, 502.98706, 11.531067, 11.531067
1548374700, 778, 2.0, 657.9785, 424.01733, 11.581421, 11.581421
1548374700, 788, 0.0, 657.9785, 424.01733, 11.581421, 11.581421
1548374704, 333, 2.0, 1313.9246, 8.009033, 11.631775, 11.631775
1548374704, 344, 0.0, 1313.9246, 8.009033, 11.631775, 11.631775
1548374708, 188, 2.0, 620.9198, 174.02344, 11.682129, 11.682129
1548374708, 196, 0.0, 620.9198, 174.02344, 11.682129, 11.682129
1548374708, 710, 2.0, 728.91174, 249.9939, 11.732483, 11.732483
1548374708, 724, 0.0, 728.91174, 249.9939, 11.732483, 11.732483
1548374709, 236, 2.0, 834.93896, 324.01978, 11.782837, 11.782837
1548374709, 249, 0.0, 834.93896, 324.01978, 11.782837, 11.782837
1548374709, 761, 2.0, 939.94995, 399.00146, 11.833191, 11.833191
1548374709, 770, 0.0, 939.94995, 399.00146, 11.833191, 11.833191
1548374713, 460, 2.0, 1292.9224, 239.01855, 11.883545, 11.883545
1548374713, 471, 0.0, 1292.9224, 239.01855, 11.883545, 11.883545
1548374713, 986, 2.0, 1244.956, 301.0144, 11.933899, 11.933899
1548374713, 995, 0.0, 1244.956, 301.0144, 11.933899, 11.933899
1548374714, 507, 2.0, 1195.9058, 360.99976, 11.984253, 11.984253
1548374714, 518, 0.0, 1195.9058, 360.99976, 11.984253, 11.984253
1548374718, 131, 2.0, 1086.9653, 814.9768, 12.034607, 12.034607
1548374718, 140, 0.0, 1086.9653, 814.9768, 12.034607, 12.034607
1548374724, 533, 2.0, 1207.8973, 768.999, 12.084961, 12.084961
1548374724, 544, 0.0, 1207.8973, 768.999, 12.084961, 12.084961
1548374725, 58, 2.0, 1190.9601, 730.9973, 12.135315, 12.135315
1548374725, 68, 0.0, 1190.9601, 730.9973, 12.135315, 12.135315
1548374725, 582, 2.0, 1172.9388, 693.9844, 12.185669, 12.185669
1548374725, 593, 0.0, 1172.9388, 693.9844, 12.185669, 12.185669
1548374731, 219, 2.0, 583.92883, 716.98975, 12.236023, 12.236023
1548374731, 229, 0.0, 583.92883, 716.98975, 12.236023, 12.236023
1548374731, 742, 2.0, 700.9314, 666.99097, 12.286377, 12.286377
1548374731, 754, 0.0, 700.9314, 666.99097, 12.286377, 12.286377
1548374732, 264, 2.0, 814.953, 616.0034, 12.336731, 12.336731
1548374732, 274, 0.0, 814.953, 616.0034, 12.336731, 12.336731
1548374735, 811, 2.0, 566.9238, 466.00708, 12.387085, 12.387085
1548374735, 821, 0.0, 566.9238, 466.00708, 12.387085, 12.387085
1548374739, 358, 2.0, 30.961304, 405.0, 12.437439, 12.437439
1548374739, 369, 0.0, 30.961304, 405.0, 12.437439, 12.437439
1548374743, 144, 2.0, 702.96387, 498.01025, 12.487793, 12.487793
1548374743, 155, 0.0, 702.96387, 498.01025, 12.487793, 12.487793
1548374743, 667, 2.0, 790.96985, 499.9878, 12.538147, 12.538147
1548374743, 679, 0.0, 790.96985, 499.9878, 12.538147, 12.538147
1548374747, 6, 2.0, 1431.9434, 302.99194, 12.588501, 12.588501
1548374747, 15, 0.0, 1431.9434, 302.99194, 12.588501, 12.588501
1548374750, 862, 2.0, 1600.9094, 537.00073, 12.638855, 12.638855
1548374750, 874, 0.0, 1600.9094, 537.00073, 12.638855, 12.638855
1548374751, 387, 2.0, 1526.9275, 531.99097, 12.689209, 12.689209
1548374751, 398, 0.0, 1526.9275, 531.99097, 12.689209, 12.689209
1548374755, 361, 2.0, 1484.9231, 695.0061, 12.739563, 12.739563
1548374755, 372, 0.0, 1484.9231, 695.0061, 12.739563, 12.739563
1548374761, 273, 2.0, 601.9501, 849.97925, 12.789917, 12.789917
1548374761, 284, 0.0, 601.9501, 849.97925, 12.789917, 12.789917
1548374761, 797, 2.0, 670.9186, 801.0022, 12.840271, 12.840271
1548374761, 808, 0.0, 670.9186, 801.0022, 12.840271, 12.840271
1548374762, 332, 2.0, 739.95483, 751.9922, 12.890625, 12.890625
1548374762, 348, 0.0, 739.95483, 751.9922, 12.890625, 12.890625
1548374765, 633, 2.0, 783.92395, 721.9995, 12.940979, 12.940979
1548374765, 644, 0.0, 783.92395, 721.9995, 12.940979, 12.940979
1548374766, 155, 2.0, 825.92834, 689.99634, 12.991333, 12.991333
1548374766, 167, 0.0, 825.92834, 689.99634, 12.991333, 12.991333
1548374766, 682, 2.0, 869.9652, 657.99316, 13.041687, 13.041687
1548374766, 690, 0.0, 869.9652, 657.99316, 13.041687, 13.041687
1548374769, 768, 2.0, 1301.933, 511.98486, 13.092041, 13.092041
1548374769, 779, 0.0, 1301.933, 511.98486, 13.092041, 13.092041
1548374773, 643, 2.0, 1050.9229, 959.99634, 13.142395, 13.142395
1548374773, 654, 0.0, 1050.9229, 959.99634, 13.142395, 13.142395
1548374774, 170, 2.0, 1059.9335, 821.9971, 13.192749, 13.192749
1548374774, 180, 0.0, 1059.9335, 821.9971, 13.192749, 13.192749
1548374777, 325, 2.0, 1272.9364, 625.0012, 13.243103, 13.243103
1548374777, 337, 0.0, 1272.9364, 625.0012, 13.243103, 13.243103
1548374780, 502, 2.0, 1723.9417, 834.9829, 13.293457, 13.293457
1548374780, 515, 0.0, 1723.9417, 834.9829, 13.293457, 13.293457
1548374781, 27, 2.0, 1632.887, 786.9946, 13.343811, 13.343811
1548374781, 38, 0.0, 1632.887, 786.9946, 13.343811, 13.343811
1548374784, 391, 2.0, 1315.957, 346.9922, 13.394165, 13.394165
1548374784, 402, 0.0, 1315.957, 346.9922, 13.394165, 13.394165
1548374784, 914, 2.0, 1262.9095, 384.00513, 13.444519, 13.444519
1548374784, 925, 0.0, 1262.9095, 384.00513, 13.444519, 13.444519
1548374785, 438, 2.0, 1207.8973, 419.00757, 13.494873, 13.494873
1548374785, 447, 0.0, 1207.8973, 419.00757, 13.494873, 13.494873
1548374789, 1, 2.0, 1271.9202, 177.0227, 13.545227, 13.545227
1548374789, 13, 0.0, 1271.9202, 177.0227, 13.545227, 13.545227
1548374793, 111, 2.0, 1406.944, 598.9966, 13.595581, 13.595581
1548374793, 124, 0.0, 1406.944, 598.9966, 13.595581, 13.595581
1548374793, 634, 2.0, 1332.8943, 577.01294, 13.645935, 13.645935
1548374793, 644, 0.0, 1332.8943, 577.01294, 13.645935, 13.645935
1548374794, 159, 2.0, 1257.8961, 554.00757, 13.696289, 13.696289
1548374794, 169, 0.0, 1257.8961, 554.00757, 13.696289, 13.696289
1548374797, 550, 2.0, 1364.9396, 530.0134, 13.746643, 13.746643
1548374797, 560, 0.0, 1364.9396, 530.0134, 13.746643, 13.746643
1548374798, 71, 2.0, 1323.9514, 525.99243, 13.796997, 13.796997
1548374798, 82, 0.0, 1323.9514, 525.99243, 13.796997, 13.796997
1548374798, 595, 2.0, 1283.9117, 522.99316, 13.847351, 13.847351
1548374798, 605, 0.0, 1283.9117, 522.99316, 13.847351, 13.847351
1548374802, 520, 2.0, 1036.9666, 693.9844, 13.897705, 13.897705
1548374802, 529, 0.0, 1036.9666, 693.9844, 13.897705, 13.897705
1548374803, 43, 2.0, 1043.9447, 664.98047, 13.948059, 13.948059
1548374803, 55, 0.0, 1043.9447, 664.98047, 13.948059, 13.948059
1548374806, 135, 2.0, 943.94714, 748.00415, 13.998413, 13.998413
1548374806, 145, 0.0, 943.94714, 748.00415, 13.998413, 13.998413
1548374806, 658, 2.0, 962.9169, 713.0017, 14.048767, 14.048767
1548374806, 669, 0.0, 962.9169, 713.0017, 14.048767, 14.048767
1548374809, 626, 2.0, 1186.9629, 528.0029, 14.099121, 14.099121
1548374809, 638, 0.0, 1186.9629, 528.0029, 14.099121, 14.099121
1548374813, 421, 2.0, 1232.8967, 595.00854, 14.149475, 14.149475
1548374813, 432, 0.0, 1232.8967, 595.00854, 14.149475, 14.149475
1548374813, 955, 2.0, 1211.9623, 583.0115, 14.199829, 14.199829
1548374813, 966, 0.0, 1211.9623, 583.0115, 14.199829, 14.199829
1548374814, 479, 2.0, 1190.9601, 569.0039, 14.250183, 14.250183
1548374814, 490, 0.0, 1190.9601, 569.0039, 14.250183, 14.250183
1548374815, 4, 2.0, 1167.9254, 554.00757, 14.300537, 14.300537
1548374815, 14, 0.0, 1167.9254, 554.00757, 14.300537, 14.300537
1548374820, 933, 2.0, 583.92883, 481.9922, 14.350891, 14.350891
1548374820, 942, 0.0, 583.92883, 481.9922, 14.350891, 14.350891
1548374821, 459, 2.0, 654.9298, 486.01318, 14.401245, 14.401245
1548374821, 469, 0.0, 654.9298, 486.01318, 14.401245, 14.401245
1548374824, 975, 2.0, 1220.9052, 98.02002, 14.451599, 14.451599
1548374824, 985, 0.0, 1220.9052, 98.02002, 14.451599, 14.451599
1548374825, 498, 2.0, 1188.9276, 192.01904, 14.501953, 14.501953
1548374825, 509, 0.0, 1188.9276, 192.01904, 14.501953, 14.501953
1548374829, 651, 2.0, 761.97327, 540.0, 14.552307, 14.552307
1548374829, 661, 0.0, 761.97327, 540.0, 14.552307, 14.552307
1548374830, 174, 2.0, 807.97485, 534.99023, 14.602661, 14.602661
1548374830, 184, 0.0, 807.97485, 534.99023, 14.602661, 14.602661
1548374833, 850, 2.0, 887.9187, 22.016602, 14.653015, 14.653015
1548374833, 858, 0.0, 887.9187, 22.016602, 14.653015, 14.653015
1548374834, 380, 2.0, 932.90405, 133.02246, 14.703369, 14.703369
1548374834, 391, 0.0, 932.90405, 133.02246, 14.703369, 14.703369
1548374838, 553, 2.0, 652.9651, 795.99243, 14.753723, 14.753723
1548374838, 563, 0.0, 652.9651, 795.99243, 14.753723, 14.753723
1548374839, 76, 2.0, 714.95544, 754.0027, 14.804077, 14.804077
1548374839, 86, 0.0, 714.95544, 754.0027, 14.804077, 14.804077
1548374839, 601, 2.0, 776.9458, 710.9912, 14.854431, 14.854431
1548374839, 611, 0.0, 776.9458, 710.9912, 14.854431, 14.854431
1548374840, 125, 2.0, 835.9552, 669.00146, 14.904785, 14.904785
1548374840, 135, 0.0, 835.9552, 669.00146, 14.904785, 14.904785
1548374843, 60, 2.0, 1235.9454, 560.0061, 14.955139, 14.955139
1548374843, 72, 0.0, 1235.9454, 560.0061, 14.955139, 14.955139
1548374846, 772, 2.0, 390.9796, 258.00293, 15.005493, 15.005493
1548374846, 781, 0.0, 390.9796, 258.00293, 15.005493, 15.005493
1548374850, 381, 2.0, 702.96387, 354.01245, 15.055847, 15.055847
1548374850, 392, 0.0, 702.96387, 354.01245, 15.055847, 15.055847
1548374853, 872, 2.0, 1126.9373, 163.01514, 15.106201, 15.106201
1548374853, 881, 0.0, 1126.9373, 163.01514, 15.106201, 15.106201
1548374854, 395, 2.0, 1119.9591, 211.00342, 15.156555, 15.156555
1548374854, 405, 0.0, 1119.9591, 211.00342, 15.156555, 15.156555
1548374861, 677, 2.0, 1746.9086, 543.98804, 15.206909, 15.206909
1548374861, 689, 0.0, 1746.9086, 543.98804, 15.206909, 15.206909
1548374862, 198, 2.0, 1593.9313, 534.99023, 15.257263, 15.257263
1548374862, 209, 0.0, 1593.9313, 534.99023, 15.257263, 15.257263
1548374862, 721, 2.0, 1440.954, 525.00366, 15.307617, 15.307617
1548374862, 731, 0.0, 1440.954, 525.00366, 15.307617, 15.307617
1548374863, 245, 2.0, 1286.9604, 513.99536, 15.357971, 15.357971
1548374863, 256, 0.0, 1286.9604, 513.99536, 15.357971, 15.357971
1548374867, 93, 2.0, 1410.9412, 643.9856, 15.408325, 15.408325
1548374867, 102, 0.0, 1410.9412, 643.9856, 15.408325, 15.408325
1548374867, 618, 2.0, 1364.9396, 622.9907, 15.458679, 15.458679
1548374867, 628, 0.0, 1364.9396, 622.9907, 15.458679, 15.458679
1548374868, 141, 2.0, 1316.9055, 604.00635, 15.509033, 15.509033
1548374868, 153, 0.0, 1316.9055, 604.00635, 15.509033, 15.509033
1548374868, 666, 2.0, 1269.9554, 583.0115, 15.559387, 15.559387
1548374868, 678, 0.0, 1269.9554, 583.0115, 15.559387, 15.559387
1548374872, 278, 2.0, 1697.926, 689.99634, 15.609741, 15.609741
1548374872, 288, 0.0, 1697.926, 689.99634, 15.609741, 15.609741
1548374872, 801, 2.0, 1609.92, 661.9812, 15.660095, 15.660095
1548374872, 812, 0.0, 1609.92, 661.9812, 15.660095, 15.660095
1548374873, 328, 2.0, 1521.9141, 636.0095, 15.710449, 15.710449
1548374873, 338, 0.0, 1521.9141, 636.0095, 15.710449, 15.710449
1548374877, 183, 2.0, 774.9133, 586.01074, 15.760803, 15.760803
1548374877, 194, 0.0, 774.9133, 586.01074, 15.760803, 15.760803
1548374880, 434, 2.0, 522.9547, 472.9944, 15.811157, 15.811157
1548374880, 446, 0.0, 522.9547, 472.9944, 15.811157, 15.811157
1548374883, 809, 2.0, 1591.8988, 86.02295, 15.861511, 15.861511
1548374883, 819, 0.0, 1591.8988, 86.02295, 15.861511, 15.861511
1548374888, 358, 2.0, 1047.9419, 663.9917, 15.911865, 15.911865
1548374888, 368, 0.0, 1047.9419, 663.9917, 15.911865, 15.911865
1548374891, 905, 2.0, 1679.9048, 422.00684, 15.962219, 15.962219
1548374891, 915, 0.0, 1679.9048, 422.00684, 15.962219, 15.962219
1548374895, 443, 2.0, 788.9374, 642.9968, 16.012573, 16.012573
1548374895, 455, 0.0, 788.9374, 642.9968, 16.012573, 16.012573
1548374895, 967, 2.0, 830.9418, 622.9907, 16.062927, 16.062927
1548374895, 978, 0.0, 830.9418, 622.9907, 16.062927, 16.062927
1548374896, 490, 2.0, 872.94617, 601.99585, 16.113281, 16.113281
1548374896, 501, 0.0, 872.94617, 601.99585, 16.113281, 16.113281
1548374899, 606, 2.0, 1686.8829, 684.9866, 16.163635, 16.163635
1548374899, 616, 0.0, 1686.8829, 684.9866, 16.163635, 16.163635
1548374900, 129, 2.0, 1600.9094, 657.99316, 16.21399, 16.21399
1548374900, 139, 0.0, 1600.9094, 657.99316, 16.21399, 16.21399
1548374900, 654, 2.0, 1514.9359, 631.9885, 16.264343, 16.264343
1548374900, 663, 0.0, 1514.9359, 631.9885, 16.264343, 16.264343
1548374904, 147, 2.0, 1190.9601, 569.0039, 16.314697, 16.314697
1548374904, 157, 0.0, 1190.9601, 569.0039, 16.314697, 16.314697
1548374904, 669, 2.0, 1174.9036, 560.0061, 16.365051, 16.365051
1548374904, 680, 0.0, 1174.9036, 560.0061, 16.365051, 16.365051
1548374905, 193, 2.0, 1160.9473, 548.9978, 16.415405, 16.415405
1548374905, 204, 0.0, 1160.9473, 548.9978, 16.415405, 16.415405
1548374905, 717, 2.0, 1144.9585, 540.0, 16.46576, 16.46576
1548374905, 728, 0.0, 1144.9585, 540.0, 16.46576, 16.46576
1548374908, 966, 2.0, 638.94104, 792.0044, 16.516113, 16.516113
1548374908, 977, 0.0, 638.94104, 792.0044, 16.516113, 16.516113
1548374909, 490, 2.0, 702.96387, 751.9922, 16.566467, 16.566467
1548374909, 500, 0.0, 702.96387, 751.9922, 16.566467, 16.566467
1548374912, 432, 2.0, 976.9409, 666.99097, 16.616821, 16.616821
1548374912, 443, 0.0, 976.9409, 666.99097, 16.616821, 16.616821
1548374915, 603, 2.0, 1965.8734, 892.9907, 16.667175, 16.667175
1548374915, 612, 0.0, 1965.8734, 892.9907, 16.667175, 16.667175
1548374916, 123, 2.0, 1762.8973, 802.97974, 16.71753, 16.71753
1548374916, 134, 0.0, 1762.8973, 802.97974, 16.71753, 16.71753
1548374916, 650, 2.0, 1558.905, 710.9912, 16.767883, 16.767883
1548374916, 660, 0.0, 1558.905, 710.9912, 16.767883, 16.767883
1548374919, 940, 2.0, 1186.9629, 649.98413, 16.818237, 16.818237
1548374919, 951, 0.0, 1186.9629, 649.98413, 16.818237, 16.818237
1548374926, 523, 2.0, 1107.8998, 239.01855, 16.868591, 16.868591
1548374926, 535, 0.0, 1107.8998, 239.01855, 16.868591, 16.868591
1548374927, 49, 2.0, 1103.9026, 275.99854, 16.918945, 16.918945
1548374927, 58, 0.0, 1103.9026, 275.99854, 16.918945, 16.918945
1548374927, 572, 2.0, 1100.9216, 315.02197, 16.9693, 16.9693
1548374927, 582, 0.0, 1100.9216, 315.02197, 16.9693, 16.9693
1548374934, 392, 2.0, 938.9337, 340.99365, 17.019653, 17.019653
1548374934, 402, 0.0, 938.9337, 340.99365, 17.019653, 17.019653
1548374940, 520, 2.0, 1200.9192, 89.02222, 17.070007, 17.070007
1548374940, 531, 0.0, 1200.9192, 89.02222, 17.070007, 17.070007
1548374946, 930, 2.0, 515.97656, 521.0156, 17.120361, 17.120361
1548374946, 941, 0.0, 515.97656, 521.0156, 17.120361, 17.120361
1548374947, 454, 2.0, 596.93665, 519.0051, 17.170715, 17.170715
1548374947, 465, 0.0, 596.93665, 519.0051, 17.170715, 17.170715
1548374953, 608, 2.0, 939.94995, 575.9912, 17.22107, 17.22107
1548374953, 618, 0.0, 939.94995, 575.9912, 17.22107, 17.22107
1548374959, 830, 2.0, 192.94922, 975.98145, 17.271423, 17.271423
1548374959, 840, 0.0, 192.94922, 975.98145, 17.271423, 17.271423
1548374963, 262, 2.0, 525.93567, 833.0054, 17.321777, 17.321777
1548374963, 270, 0.0, 525.93567, 833.0054, 17.321777, 17.321777
1548374963, 784, 2.0, 654.9298, 757.00195, 17.372131, 17.372131
1548374963, 794, 0.0, 654.9298, 757.00195, 17.372131, 17.372131
1548374966, 883, 2.0, 1026.9397, 605.9839, 17.422485, 17.422485
1548374966, 895, 0.0, 1026.9397, 605.9839, 17.422485, 17.422485
1548374970, 161, 2.0, 1632.887, 581.001, 17.47284, 17.47284
1548374970, 191, 0.0, 1632.887, 581.001, 17.47284, 17.47284
1548374973, 593, 2.0, 790.96985, 818.9978, 17.523193, 17.523193
1548374973, 605, 0.0, 790.96985, 818.9978, 17.523193, 17.523193
1548374974, 117, 2.0, 830.9418, 772.98706, 17.573547, 17.573547
1548374974, 127, 0.0, 830.9418, 772.98706, 17.573547, 17.573547
1548374977, 353, 2.0, 1109.9323, 613.00415, 17.623901, 17.623901
1548374977, 364, 0.0, 1109.9323, 613.00415, 17.623901, 17.623901
1548374981, 31, 2.0, 1819.942, 814.9768, 17.674255, 17.674255
1548374981, 42, 0.0, 1819.942, 814.9768, 17.674255, 17.674255
1548374984, 732, 2.0, 1713.9148, 701.00464, 17.72461, 17.72461
1548374984, 743, 0.0, 1713.9148, 701.00464, 17.72461, 17.72461
1548374985, 257, 2.0, 1568.9319, 654.9939, 17.774963, 17.774963
1548374985, 267, 0.0, 1568.9319, 654.9939, 17.774963, 17.774963
1548374985, 780, 2.0, 1422.9327, 607.0056, 17.825317, 17.825317
1548374985, 790, 0.0, 1422.9327, 607.0056, 17.825317, 17.825317
1548374986, 302, 2.0, 1276.9336, 561.98364, 17.875671, 17.875671
1548374986, 314, 0.0, 1276.9336, 561.98364, 17.875671, 17.875671
1548374991, 972, 2.0, 1216.908, 498.01025, 17.926025, 17.926025
1548374991, 984, 0.0, 1216.908, 498.01025, 17.926025, 17.926025
1548374995, 355, 2.0, 1292.9224, 445.0122, 17.97638, 17.97638
1548374995, 365, 0.0, 1292.9224, 445.0122, 17.97638, 17.97638
1548375001, 308, 2.0, 1415.9546, 354.01245, 18.026733, 18.026733
1548375001, 317, 0.0, 1415.9546, 354.01245, 18.026733, 18.026733
1548375007, 187, 2.0, 936.969, 649.98413, 18.077087, 18.077087
1548375007, 199, 0.0, 936.969, 649.98413, 18.077087, 18.077087
1548375012, 790, 2.0, 1064.9469, 619.99146, 18.127441, 18.127441
1548375012, 796, 0.0, 1064.9469, 619.99146, 18.127441, 18.127441
1548375018, 830, 2.0, 1637.9004, 994.9988, 18.177795, 18.177795
1548375018, 847, 0.0, 1637.9004, 994.9988, 18.177795, 18.177795
1548375019, 368, 2.0, 1558.905, 923.97217, 18.22815, 18.22815
1548375019, 380, 0.0, 1558.905, 923.97217, 18.22815, 18.22815
1548375019, 897, 2.0, 1479.9097, 854.00024, 18.278503, 18.278503
1548375019, 908, 0.0, 1479.9097, 854.00024, 18.278503, 18.278503
1548375020, 420, 2.0, 1399.8981, 783.99536, 18.328857, 18.328857
1548375020, 431, 0.0, 1399.8981, 783.99536, 18.328857, 18.328857
1548375026, 181, 2.0, 1704.9042, 955.97534, 18.379211, 18.379211
1548375026, 201, 1.0, 1685.4602, 966.98364, 18.379211, 18.379211
1548375026, 219, 1.0, 1672.213, 975.38275, 18.379211, 18.379211
1548375026, 239, 1.0, 1663.4608, 978.9807, 18.379211, 18.379211
1548375026, 252, 1.0, 1656.0691, 983.84705, 18.379211, 18.379211
1548375026, 270, 1.0, 1650.6587, 986.001, 18.379211, 18.379211
1548375026, 287, 1.0, 1646.8016, 989.989, 18.379211, 18.379211
1548375026, 303, 1.0, 1642.9138, 990.9778, 18.379211, 18.379211
1548375026, 303, 0.0, 1642.9138, 990.9778, 18.379211, 18.379211
1548375026, 468, 2.0, 1637.9004, 994.9988, 18.429565, 18.429565
1548375026, 484, 0.0, 1637.9004, 994.9988, 18.429565, 18.429565
1548375027, 3, 2.0, 1558.905, 923.97217, 18.47992, 18.47992
1548375027, 11, 0.0, 1558.905, 923.97217, 18.47992, 18.47992
